id;nome;sobrenome;descricao;cpf;rg;data_nascimento;sexo
1;holistic Architect;blue Rubber;SMTP Customer Indiana;alarm Handcrafted;Saint Martin Principal;2020-11-28;invoice CSS Bahamian Dollar
2;e-commerce;Checking Account;Buckinghamshire neural-net back-end;Customer;Wooden Ports;2020-11-28;Web Metal Pataca
3;Consultant Direct index;Books navigating Senior;alarm synthesize Licensed Fresh Towels;Research Handcrafted;Persistent Multi-tiered;2020-11-28;deposit Italy
4;archive;Soap zero tolerance;back up hybrid;Borders;Front-line cultivate Burkina Faso;2020-11-28;Port Manager innovative
5;Rustic Metal Keyboard;Berkshire;Cheese copy calculate;motivating Paradigm;Investment Account Tools Principal;2020-11-28;bus array
6;Avon Electronics;Electronics;compelling;Buckinghamshire Berkshire;Mouse Operations solution;2020-11-27;South Carolina Refined Fresh Sausages
7;THX Small 1080p;Orchestrator;Colorado Minnesota;capacitor;maroon budgetary management;2020-11-27;Hat
8;Salad best-of-breed;blue;Re-engineered;United States Minor Outlying Islands;Lead Road South Georgia and the South Sandwich Islands;2020-11-28;green Wooden reboot
9;Handmade;withdrawal;redundant District Gibraltar Pound;methodology Fantastic;violet;2020-11-28;Chief Idaho Turks and Caicos Islands
10;India structure leverage;Consultant;JSON Identity;New Jersey transform Plastic;Configuration Coordinator groupware;2020-11-28;overriding
